--exit;
begin;

delete from config;
insert into config(prp,val) values ('m_Menu','m_File,m_Help');
insert into config(prp,val) values ('m_File','Calendar,-,Contracts,-,Clients,Pay_Slips,-,Nationalities,-,Exit');
insert into config(prp,val) values ('m_Edit','');
insert into config(prp,val) values ('m_Reports','');
insert into config(prp,val) values ('m_Help','Date_Conversion,Dates,-,About');
insert into config(prp,val) values ('Calendar.icon','assets\\tear_off_calendar-26.png');
insert into config(prp,val) values ('Pay_Slips.icon','assets\\banknotes-26.png');
insert into config(prp,val) values ('Exit.icon','assets\\shutdown-26.png');
insert into config(prp,val) values ('About.icon','assets\\accessibility2-26.png');
insert into config(prp,val) values ('Nationalities.icon','assets\\globe-26.png');
insert into config(prp,val) values ('Contracts.icon','assets\\survey-26.png');
insert into config(prp,val) values ('Clients.icon','assets\\businessman-26.png');
insert into config(prp,val) values ('Occasions.icon','assets\\conference_call-26.png');
insert into config(prp,val) values ('Date_Conversion.icon','assets\\date_from-26.png');
insert into config(prp,val) values ('Contracts.data','data\\Contracts.csv');
insert into config(prp,val) values ('Clients.data','data\\Clients.csv');
insert into config(prp,val) values ('delete.sign','assets\\delete_sign-26.png');
insert into config(prp,val) values ('Days','SU,MO,TU,WE,TH,FR,SA');
insert into config(prp,val) values ('RTL','true');


delete from nationality;
insert into nationality(id,country) values (701, 'السعودية');
insert into nationality(id,country) values (702, 'غير سعودي');


delete from client;
insert into client(mobile,name,nationality,govid) values ('0508456745','احمد المطوع' , 701 ,'112340001');
insert into client(mobile,name,nationality,govid) values ('0500012345','يوسف الشقاق', 701 ,'101526002');
insert into client(mobile,name,nationality,govid) values ('0500000000','محمد صالح'  , 702 ,'206441152');

  
delete from contract;
insert into contract(id,client,on_date,price) values (10001,'0508456745','2015-01-05',1000.00);
insert into contract(id,client,on_date,price) values (10002,'0508456745','2015-01-07',2000.00);
insert into contract(id,client,on_date,price) values (10003,'0508456745','2015-10-05',1500.00);
insert into contract(id,client,on_date,price) values (10004,'0500012345','2015-01-15',3000.00);
insert into contract(id,client,on_date,price) values (10005,'0500000000','2015-02-07',1550.00);
insert into contract(id,client,on_date,price) values (10006,'0508456745','2015-11-05',1700.00);


delete from payslip;
insert into payslip (id,contract,on_date,paied) values (1051,10001,'2015-01-05', 500.00);
insert into payslip (id,contract,on_date,paied) values (1052,10002,'2015-01-08',1000.00);
insert into payslip (id,contract,on_date,paied) values (1053,10003,'2015-10-05',1000.00);
insert into payslip (id,contract,on_date,paied) values (1054,10004,'2015-01-15',3000.00);
insert into payslip (id,contract,on_date,paied) values (1055,10005,'2015-02-07',1050.00);
insert into payslip (id,contract,on_date,paied) values (1056,10006,'2015-11-05',1500.00);


delete from lang;
insert into lang(english,arabic) values ('Gregorian','ميلادي');
insert into lang(english,arabic) values ('File','صيانة البيانات');
insert into lang(english,arabic) values ('Client','الزبون');
insert into lang(english,arabic) values ('Contract','العقد');
insert into lang(english,arabic) values ('Address','العنوان');
insert into lang(english,arabic) values ('Tel 1','الهاتف 1');
insert into lang(english,arabic) values ('Tel 2','الهاتف 2');
insert into lang(english,arabic) values ('tel1','الهاتف 1');
insert into lang(english,arabic) values ('tel2','الهاتف 2');
insert into lang(english,arabic) values ('Mobile','الجوال');
insert into lang(english,arabic) values ('NID DOI','تاريخ الاصدار');
insert into lang(english,arabic) values ('NID POI','مكان الاصدار');
insert into lang(english,arabic) values ('NID','رقم الهوية');
insert into lang(english,arabic) values ('Notes','ملاحظات');
insert into lang(english,arabic) values ('govid_doi','تاريخ الاصدار');
insert into lang(english,arabic) values ('govid_poi','مكان الاصدار');
insert into lang(english,arabic) values ('govid','رقم الهوية');
insert into lang(english,arabic) values ('Dates','التواريخ');
insert into lang(english,arabic) values ('New Payment','دفعة جديدة');
insert into lang(english,arabic) values ('Warning','تحذير');
insert into lang(english,arabic) values ('Are you sure of deleting this record?','هل انت متأكد من حذف السجل؟');
insert into lang(english,arabic) values ('Thuraiya - Wedding Occations Program','الثريا - برنامج تنظيم قاعات الافراح - برمجة حسين المطوع');
insert into lang(english,arabic) values ('Edit','تحرير');
insert into lang(english,arabic) values ('Client Form','نموذج الزبائن');
insert into lang(english,arabic) values ('Nationality','الجنسية');
insert into lang(english,arabic) values ('Pay Slips Dialog','نموذج الدفعات');
insert into lang(english,arabic) values ('Nationalities','الجنسيات');
insert into lang(english,arabic) values ('Date_Conversion','تحويل التاريخ');
insert into lang(english,arabic) values ('Date Conversion','تحويل التاريخ');
insert into lang(english,arabic) values ('Nationality Form','نموذج الجنسيات');
insert into lang(english,arabic) values ('Occasions','المناسبات');
insert into lang(english,arabic) values ('Occasion','المناسبة');
insert into lang(english,arabic) values ('Country','الدولة');
insert into lang(english,arabic) values ('Contract Form','نموذج العقود');
insert into lang(english,arabic) values ('Exit','خروج');
insert into lang(english,arabic) values ('Clients','الزبائن');
insert into lang(english,arabic) values ('Calendar','التقويم');
insert into lang(english,arabic) values ('Pay_Slips','وصولات الدفع');
insert into lang(english,arabic) values ('Pay Slips','وصولات الدفع');
insert into lang(english,arabic) values ('Contracts','العقود');
insert into lang(english,arabic) values ('Help','مساعده');
insert into lang(english,arabic) values ('About','حول');
insert into lang(english,arabic) values ('Reports','التقارير');
insert into lang(english,arabic) values ('January','يناير');
insert into lang(english,arabic) values ('February','فبراير');
insert into lang(english,arabic) values ('March','مارس');
insert into lang(english,arabic) values ('April','ابريل');
insert into lang(english,arabic) values ('May','مايو');
insert into lang(english,arabic) values ('June','يونيو');
insert into lang(english,arabic) values ('July','يوليو');
insert into lang(english,arabic) values ('August','اغسطس');
insert into lang(english,arabic) values ('September','سبتمبر');
insert into lang(english,arabic) values ('October','اكتوبر');
insert into lang(english,arabic) values ('November','نوفمبر');
insert into lang(english,arabic) values ('December','ديسمبر');
insert into lang(english,arabic) values ('SA','السبت');
insert into lang(english,arabic) values ('SU','الاحد');
insert into lang(english,arabic) values ('MO','الاثنين');
insert into lang(english,arabic) values ('TU','الثلاثاء');
insert into lang(english,arabic) values ('WE','الاربعاء');
insert into lang(english,arabic) values ('TH','الخميس');
insert into lang(english,arabic) values ('FR','الجمعه');
insert into lang(english,arabic) values ('Muharam','محرم');
insert into lang(english,arabic) values ('Safar','صفر');
insert into lang(english,arabic) values ('Rabie I','ربيع الاول');
insert into lang(english,arabic) values ('Rabie II','ربيع الثاني');
insert into lang(english,arabic) values ('Jumada I','جمادى الاول');
insert into lang(english,arabic) values ('Jumada II','جمادى الثاني');
insert into lang(english,arabic) values ('Rajab','رجب');
insert into lang(english,arabic) values ('Shaban','شعبان');
insert into lang(english,arabic) values ('Ramdhan','رمضان');
insert into lang(english,arabic) values ('Shawal','شوال');
insert into lang(english,arabic) values ('Dhul Quada','ذو القعده');
insert into lang(english,arabic) values ('Dhul Hijja','ذو الحجة');
insert into lang(english,arabic) values ('Add','اضافة');
insert into lang(english,arabic) values ('Print','طباعة');
insert into lang(english,arabic) values ('Save','حفظ');
insert into lang(english,arabic) values ('OK','تم');
insert into lang(english,arabic) values ('Delete','حذف');
insert into lang(english,arabic) values ('Cancel','الغاء');
insert into lang(english,arabic) values ('On Date','بتاريخ');
insert into lang(english,arabic) values ('Name','الاسم');
insert into lang(english,arabic) values ('Price','المبلغ');
insert into lang(english,arabic) values ('ID','الرقم');
insert into lang(english,arabic) values ('Hijri','هجري');
insert into lang(english,arabic) values ('New Client','زبون جديد');
insert into lang(english,arabic) values ('Failed to process your request','حدث خطأ أثناء معالجة الطلب - حاول مرة أخرى');
insert into lang(english,arabic) values ('Your request has been successfully processed','تم تنفيذ الطلب بنجاح');
insert into lang(english,arabic) values ('Error','خطأ');
insert into lang(english,arabic) values ('Success','نجاح');
insert into lang(english,arabic) values ('Paied','المدفوع');
insert into lang(english,arabic) values ('Balance','المتبقي');

   
commit;
